{"SfxVolume":0.3396887183189392,"BgmVolume":0.4999999701976776,"MasterVolume":1.0,"MasterMute":false,"BgmMute":false,"SfxMute":false}