{"SfxVolume":0.2820715010166168,"BgmVolume":0.4999999701976776,"MasterVolume":0.0010000000474974514,"MasterMute":false,"BgmMute":false,"SfxMute":false}