{"SfxVolume":0.0010000000474974514,"BgmVolume":0.4999999701976776,"MasterVolume":0.0010000000474974514}